{
  "xgb_roc_auc": 0.9914,
  "xgb_f1": 0.8842,
  "xgb_precision": 0.8668,
  "xgb_recall": 0.9022,
  "calibration_brier_score": 0.0253,
  "optuna_best_val_auc": 0.9925,
  "n_train": 17022,
  "n_test": 5007,
  "best_params": {
    "n_estimators": 431,
    "max_depth": 6,
    "learning_rate": 0.181268689450444,
    "subsample": 0.9199585744813595,
    "colsample_bytree": 0.6619792452892194,
    "min_child_weight": 2,
    "gamma": 0.038674444765326305,
    "reg_alpha": 0.15454863448811587,
    "reg_lambda": 0.5155117610225707,
    "scale_pos_weight": 4.151724615826193,
    "random_state": 42,
    "early_stopping_rounds": 20
  },
  "shap_stability_score": 0.8348,
  "cox_concordance_index": 0.9119
}