{
  "xgb_roc_auc": 0.9924,
  "xgb_f1": 0.8962,
  "xgb_precision": 0.8726,
  "xgb_recall": 0.9212,
  "calibration_brier_score": 0.0231,
  "optuna_best_val_auc": 0.9938,
  "n_train": 17022,
  "n_test": 5007,
  "best_params": {
    "n_estimators": 574,
    "max_depth": 6,
    "learning_rate": 0.15082238813987686,
    "subsample": 0.9899243577039616,
    "colsample_bytree": 0.7968593220409543,
    "min_child_weight": 2,
    "gamma": 0.17720138029972468,
    "reg_alpha": 0.4898974317402677,
    "reg_lambda": 0.07065795254574314,
    "scale_pos_weight": 3.6207754557434413,
    "random_state": 42,
    "early_stopping_rounds": 20
  },
  "shap_stability_score": 0.8668,
  "cox_concordance_index": 0.9111
}